SITE,year,substrate_group,Proportion,total_coral,prop_bleached
Canyons,2013,HCB,0.006,0.699,0.008583690987124463
Canyons,2014,HCB,0,0.626,0
Canyons,2015,HCB,0,0.631,0
Canyons,2016,HCB,0.038,0.8310000000000001,0.045728038507821894
Canyons,2017,HCB,0,0.606,0
Canyons,2018,HCB,0.013,0.6890000000000001,0.018867924528301886
Canyons,2019,HCB,0,0.676,0
Canyons,2020,HCB,0,0.763,0
Canyons,2021,HCB,0,0.73,0
Canyons,2022,HCB,0,0.719,0
Canyons,2023,HCB,0.013,0.638,0.02037617554858934
Canyons,2024,HCB,0.013,0.519,0.025048169556840076
Cappuccino,2013,HCB,0.006,0.194,0.030927835051546393
Cappuccino,2014,HCB,0.038,0.27499999999999997,0.13818181818181818
Cappuccino,2015,HCB,0.006,0.294,0.020408163265306124
Cappuccino,2016,HCB,0.069,0.313,0.22044728434504793
Cappuccino,2017,HCB,0.013,0.17,0.07647058823529411
Cappuccino,2018,HCB,0.025,0.29400000000000004,0.08503401360544217
Cappuccino,2019,HCB,0.006,0.22,0.027272727272727275
Cappuccino,2020,HCB,0.006,0.188,0.031914893617021274
Cappuccino,2021,HCB,0,0.151,0
Cappuccino,2022,HCB,0.006,0.162,0.037037037037037035
Cappuccino,2023,HCB,0,0.357,0
Cappuccino,2024,HCB,0.006,0.244,0.02459016393442623
Coral Cascade,2013,HCB,0,0.432,0
Coral Cascade,2014,HCB,0,0.494,0
Coral Cascade,2015,HCB,0,0.568,0
Coral Cascade,2016,HCB,0.019,0.624,0.030448717948717948
Coral Cascade,2017,HCB,0.1,0.55,0.18181818181818182
Coral Cascade,2018,HCB,0.013,0.544,0.02389705882352941
Coral Cascade,2019,HCB,0.013,0.545,0.02385321100917431
Coral Cascade,2020,HCB,0,0.601,0
Coral Cascade,2021,HCB,0,0.668,0
Coral Cascade,2022,HCB,0.006,0.5630000000000001,0.010657193605683835
Coral Cascade,2023,HCB,0,0.794,0
Coral Cascade,2024,HCB,0,0.294,0
Coral Grotto,2013,HCB,0,0.288,0
Coral Grotto,2014,HCB,0,0.339,0
Coral Grotto,2015,HCB,0,0.433,0
Coral Grotto,2016,HCB,0,0.6,0
Coral Grotto,2017,HCB,0,0.47,0
Coral Grotto,2018,HCB,0,0.594,0
Coral Grotto,2020,HCB,0,0.606,0
Coral Grotto,2021,HCB,0,0.689,0
Coral Grotto,2022,HCB,0,0.67,0
Coral Grotto,2023,HCB,0,0.619,0
Coral Grotto,2024,HCB,0.006,0.269,0.022304832713754646
Half Way,2014,HCB,0.013,0.325,0.039999999999999994
Half Way,2015,HCB,0,0.306,0
Half Way,2016,HCB,0.013,0.18100000000000002,0.07182320441988949
Half Way,2017,HCB,0.019,0.20099999999999998,0.0945273631840796
Half Way,2020,HCB,0,0.263,0
Half Way,2021,HCB,0,0.3,0
Half Way,2022,HCB,0,0.243,0
Half Way,2023,HCB,0,0.463,0
Half Way,2024,HCB,0,0.162,0
Harry's Bommie,2013,HCB,0,0.633,0
Harry's Bommie,2014,HCB,0.006,0.737,0.00814111261872456
Harry's Bommie,2015,HCB,0.013,0.626,0.020766773162939296
Harry's Bommie,2016,HCB,0.025,0.863,0.028968713789107765
Harry's Bommie,2017,HCB,0.019,0.545,0.03486238532110091
Harry's Bommie,2018,HCB,0.019,0.752,0.02526595744680851
Harry's Bommie,2019,HCB,0.031,0.6880000000000001,0.04505813953488372
Harry's Bommie,2020,HCB,0.006,0.657,0.0091324200913242
Harry's Bommie,2021,HCB,0,0.631,0
Harry's Bommie,2022,HCB,0,0.744,0
Harry's Bommie,2023,HCB,0.006,0.681,0.008810572687224669
Harry's Bommie,2024,HCB,0.262,0.368,0.7119565217391305
Heron Bommie,2013,HCB,0.062,0.661,0.09379727685325265
Heron Bommie,2014,HCB,0.05,0.764,0.06544502617801047
Heron Bommie,2015,HCB,0.094,0.737,0.12754409769335143
Heron Bommie,2016,HCB,0.006,0.46900000000000003,0.01279317697228145
Heron Bommie,2017,HCB,0.006,0.537,0.0111731843575419
Heron Bommie,2018,HCB,0,0.663,0
Heron Bommie,2019,HCB,0,0.432,0
Heron Bommie,2020,HCB,0,0.606,0
Heron Bommie,2021,HCB,0,0.469,0
Heron Bommie,2022,HCB,0.013,0.5630000000000001,0.02309058614564831
Heron Bommie,2023,HCB,0,0.718,0
Heron Bommie,2024,HCB,0,0.32,0
Jetty Flat,2013,HCB,0,0.351,0
Jetty Flat,2014,HCB,0.013,0.325,0.039999999999999994
Jetty Flat,2015,HCB,0.006,0.356,0.016853932584269662
Jetty Flat,2016,HCB,0.031,0.46799999999999997,0.06623931623931624
Jetty Flat,2017,HCB,0,0.313,0
Jetty Flat,2018,HCB,0.013,0.306,0.042483660130718956
Jetty Flat,2019,HCB,0,0.238,0
Jetty Flat,2020,HCB,0.006,0.312,0.019230769230769232
Jetty Flat,2021,HCB,0,0.355,0
Jetty Flat,2022,HCB,0,0.287,0
Jetty Flat,2023,HCB,0,0.431,0
Jetty Flat,2024,HCB,0,0.244,0
Last Resort,2013,HCB,0,0.095,0
Last Resort,2014,HCB,0,0.044,0
Last Resort,2015,HCB,0,0.075,0
Last Resort,2016,HCB,0.006,0.212,0.02830188679245283
Last Resort,2017,HCB,0.019,0.038,0.5
Last Resort,2018,HCB,0.038,0.11299999999999999,0.336283185840708
Last Resort,2019,HCB,0.006,0.069,0.08695652173913043
Last Resort,2020,HCB,0,0.032,0
Last Resort,2021,HCB,0,0.056,0
Last Resort,2022,HCB,0,0.038,0
Last Resort,2023,HCB,0.006,0.10600000000000001,0.056603773584905655
Last Resort,2024,HCB,0,0.044,0
Libby's Lair,2013,HCB,0.013,0.488,0.02663934426229508
Libby's Lair,2014,HCB,0.013,0.523,0.024856596558317397
Libby's Lair,2015,HCB,0.006,0.525,0.011428571428571429
Libby's Lair,2016,HCB,0.013,0.613,0.021207177814029362
Libby's Lair,2017,HCB,0.088,0.646,0.13622291021671826
Libby's Lair,2018,HCB,0.006,0.632,0.00949367088607595
Libby's Lair,2019,HCB,0.038,0.775,0.049032258064516124
Libby's Lair,2020,HCB,0,0.72,0
Libby's Lair,2021,HCB,0,0.756,0
Libby's Lair,2022,HCB,0,0.694,0
Libby's Lair,2023,HCB,0,0.744,0
Libby's Lair,2024,HCB,0,0.249,0
Research Zone,2013,HCB,0,0.056,0
Research Zone,2014,HCB,0,0.088,0
Research Zone,2015,HCB,0,0.094,0
Research Zone,2016,HCB,0,0.069,0
Research Zone,2017,HCB,0,0.087,0
Research Zone,2018,HCB,0,0.068,0
Research Zone,2019,HCB,0.006,0.199,0.03015075376884422
Research Zone,2020,HCB,0,0.087,0
Research Zone,2021,HCB,0,0.076,0
Research Zone,2022,HCB,0,0.107,0
Research Zone,2023,HCB,0,0.099,0
Research Zone,2024,HCB,0.006,0.137,0.0437956204379562
Shark Bay,2013,HCB,0.038,0.17500000000000002,0.2171428571428571
Shark Bay,2014,HCB,0,0.062,0
Shark Bay,2015,HCB,0,0.087,0
Shark Bay,2016,HCB,0,0.069,0
Shark Bay,2017,HCB,0.05,0.15000000000000002,0.3333333333333333
Shark Bay,2018,HCB,0.013,0.169,0.07692307692307691
Shark Bay,2019,HCB,0,0.093,0
Shark Bay,2020,HCB,0,0.107,0
Shark Bay,2021,HCB,0,0.075,0
Shark Bay,2022,HCB,0.006,0.12000000000000001,0.049999999999999996
Shark Bay,2023,HCB,0,0.188,0
Shark Bay,2024,HCB,0.006,0.17500000000000002,0.03428571428571428
White Wedding,2014,HCB,0,0.1,0
White Wedding,2015,HCB,0.006,0.137,0.0437956204379562
White Wedding,2016,HCB,0,0.069,0
White Wedding,2017,HCB,0.013,0.139,0.0935251798561151
White Wedding,2018,HCB,0,0.107,0
White Wedding,2019,HCB,0.006,0.038,0.15789473684210528
White Wedding,2020,HCB,0,0.068,0
White Wedding,2021,HCB,0,0.088,0
White Wedding,2022,HCB,0,0.074,0
White Wedding,2023,HCB,0,0.119,0
White Wedding,2024,HCB,0.013,0.076,0.17105263157894737
